faiss_row,logical_product_id
0,P0001
1,P0002
2,P0003
3,P0004
4,P0005
5,P0006
6,P0007
7,P0008
8,P0009
9,P0010
10,P0011
11,P0012
12,P0013
13,P0014
14,P0015
15,P0016
16,P0017
17,P0018
18,P0019
19,P0020
20,P0021
21,P0022
22,P0023
23,P0024
24,P0025
25,P0026
26,P0027
27,P0028
28,P0029
29,P0030
30,P0031
31,P0032
32,P0033
33,P0034
34,P0035
35,P0036
36,P0037
37,P0038
38,P0039
39,P0040
40,P0041
41,P0042
42,P0043
43,P0044
44,P0045
45,P0046
46,P0047
47,P0048
48,P0049
49,P0050
50,P0051
51,P0052
52,P0053
53,P0054
54,P0055
55,P0056
56,P0057
57,P0058
58,P0059
59,P0060
60,P0061
61,P0062
62,P0063
63,P0064
64,P0065
65,P0066
66,P0067
67,P0068
68,P0069
69,P0070
70,P0071
71,P0072
72,P0073
73,P0074
74,P0075
75,P0076
76,P0077
77,P0078
78,P0079
79,P0080
80,P0081
81,P0082
82,P0083
83,P0084
84,P0085
85,P0086
86,P0087
87,P0088
88,P0089
89,P0090
90,P0091
91,P0092
92,P0093
93,P0094
94,P0095
95,P0096
96,P0097
97,P0098
98,P0099
99,P0100
100,P0101
101,P0102
102,P0103
103,P0104
104,P0105
105,P0106
106,P0107
107,P0108
108,P0109
109,P0110
110,P0111
111,P0112
112,P0113
113,P0114
114,P0115
115,P0116
116,P0117
117,P0118
118,P0119
119,P0120
120,P0121
121,P0122
122,P0123
123,P0124
124,P0125
125,P0126
126,P0127
127,P0128
128,P0129
129,P0130
130,P0131
131,P0132
132,P0133
133,P0134
134,P0135
135,P0136
136,P0137
137,P0138
138,P0139
139,P0140
140,P0141
141,P0142
142,P0143
143,P0144
144,P0145
145,P0146
146,P0147
147,P0148
148,P0149
149,P0150
150,P0151
151,P0152
152,P0153
153,P0154
154,P0155
155,P0156
156,P0157
157,P0158
158,P0159
159,P0160
160,P0161
161,P0162
162,P0163
163,P0164
164,P0165
165,P0166
166,P0167
167,P0168
168,P0169
169,P0170
170,P0171
171,P0172
172,P0173
173,P0174
174,P0175
175,P0176
176,P0177
177,P0178
178,P0179
179,P0180
180,P0181
181,P0182
182,P0183
183,P0184
184,P0185
185,P0186
186,P0187
187,P0188
188,P0189
189,P0190
190,P0191
191,P0192
192,P0193
193,P0194
194,P0195
195,P0196
196,P0197
197,P0198
198,P0199
199,P0200
200,P0201
201,P0202
202,P0203
203,P0204
204,P0205
205,P0206
206,P0207
207,P0208
208,P0209
209,P0210
210,P0211
211,P0212
212,P0213
213,P0214
214,P0215
215,P0216
216,P0217
217,P0218
218,P0219
219,P0220
220,P0221
221,P0222
222,P0223
223,P0224
224,P0225
225,P0226
226,P0227
227,P0228
228,P0229
229,P0230
230,P0231
231,P0232
232,P0233
233,P0234
234,P0235
235,P0236
236,P0237
237,P0238
238,P0239
239,P0240
240,P0241
241,P0242
242,P0243
243,P0244
244,P0245
245,P0246
246,P0247
247,P0248
248,P0249
249,P0250
250,P0251
251,P0252
252,P0253
253,P0254
254,P0255
255,P0256
256,P0257
257,P0258
258,P0259
259,P0260
260,P0261
261,P0262
262,P0263
263,P0264
264,P0265
265,P0266
266,P0267
267,P0268
268,P0269
269,P0270
270,P0271
271,P0272
272,P0273
273,P0274
274,P0275
275,P0276
276,P0277
277,P0278
278,P0279
279,P0280
280,P0281
281,P0282
282,P0283
283,P0284
284,P0285
285,P0286
286,P0287
287,P0288
288,P0289
289,P0290
290,P0291
291,P0292
292,P0293
293,P0294
294,P0295
295,P0296
296,P0297
297,P0298
298,P0299
299,P0300
300,P0301
301,P0302
302,P0303
303,P0304
304,P0305
305,P0306
306,P0307
307,P0308
308,P0309
309,P0310
310,P0311
311,P0312
312,P0313
313,P0314
314,P0315
315,P0316
316,P0317
317,P0318
318,P0319
319,P0320
320,P0321
321,P0322
322,P0323
323,P0324
324,P0325
325,P0326
326,P0327
327,P0328
328,P0329
329,P0330
330,P0331
331,P0332
332,P0333
333,P0334
334,P0335
335,P0336
336,P0337
337,P0338
338,P0339
339,P0340
340,P0341
341,P0342
342,P0343
343,P0344
344,P0345
345,P0346
346,P0347
347,P0348
348,P0349
349,P0350
350,P0351
351,P0352
352,P0353
353,P0354
354,P0355
355,P0356
356,P0357
357,P0358
358,P0359
359,P0360
360,P0361
361,P0362
362,P0363
363,P0364
364,P0365
365,P0366
366,P0367
367,P0368
368,P0369
369,P0370
370,P0371
371,P0372
372,P0373
373,P0374
374,P0375
375,P0376
376,P0377
377,P0378
378,P0379
379,P0380
380,P0381
381,P0382
382,P0383
383,P0384
384,P0385
385,P0386
386,P0387
387,P0388
388,P0389
389,P0390
390,P0391
391,P0392
392,P0393
393,P0394
394,P0395
395,P0396
396,P0397
397,P0398
398,P0399
399,P0400
400,P0401
401,P0402
402,P0403
403,P0404
404,P0405
405,P0406
406,P0407
407,P0408
408,P0409
409,P0410
410,P0411
411,P0412
412,P0413
413,P0414
414,P0415
415,P0416
416,P0417
417,P0418
418,P0419
419,P0420
420,P0421
421,P0422
422,P0423
423,P0424
424,P0425
425,P0426
426,P0427
427,P0428
428,P0429
429,P0430
430,P0431
431,P0432
432,P0433
433,P0434
434,P0435
435,P0436
436,P0437
437,P0438
438,P0439
439,P0440
440,P0441
441,P0442
442,P0443
443,P0444
444,P0445
445,P0446
446,P0447
447,P0448
448,P0449
449,P0450
450,P0451
451,P0452
452,P0453
453,P0454
454,P0455
455,P0456
456,P0457
457,P0458
458,P0459
459,P0460
460,P0461
461,P0462
462,P0463
463,P0464
464,P0465
465,P0466
466,P0467
467,P0468
468,P0469
469,P0470
470,P0471
471,P0472
472,P0473
473,P0474
474,P0475
475,P0476
476,P0477
477,P0478
478,P0479
479,P0480
480,P0481
481,P0482
482,P0483
483,P0484
484,P0485
485,P0486
486,P0487
487,P0488
488,P0489
489,P0490
490,P0491
491,P0492
492,P0493
493,P0494
494,P0495
495,P0496
496,P0497
497,P0498
498,P0499
499,P0500
500,P0501
501,P0502
502,P0503
503,P0504
504,P0505
505,P0506
506,P0507
507,P0508
508,P0509
509,P0510
510,P0511
511,P0512
512,P0513
513,P0514
514,P0515
515,P0516
516,P0517
517,P0518
518,P0519
519,P0520
520,P0521
521,P0522
522,P0523
523,P0524
524,P0525
525,P0526
526,P0527
527,P0528
528,P0529
529,P0530
530,P0531
531,P0532
532,P0533
533,P0534
534,P0535
535,P0536
536,P0537
537,P0538
538,P0539
539,P0540
540,P0541
541,P0542
542,P0543
543,P0544
544,P0545
545,P0546
546,P0547
547,P0548
548,P0549
549,P0550
550,P0551
551,P0552
552,P0553
553,P0554
554,P0555
555,P0556
556,P0557
557,P0558
558,P0559
559,P0560
560,P0561
561,P0562
562,P0563
563,P0564
564,P0565
565,P0566
566,P0567
567,P0568
568,P0569
569,P0570
570,P0571
571,P0572
572,P0573
573,P0574
574,P0575
575,P0576
576,P0577
577,P0578
578,P0579
579,P0580
580,P0581
581,P0582
582,P0583
583,P0584
584,P0585
585,P0586
586,P0587
587,P0588
588,P0589
589,P0590
590,P0591
591,P0592
592,P0593
593,P0594
594,P0595
595,P0596
596,P0597
597,P0598
598,P0599
599,P0600
600,P0601
601,P0602
602,P0603
603,P0604
604,P0605
605,P0606
606,P0607
607,P0608
608,P0609
609,P0610
610,P0611
611,P0612
612,P0613
613,P0614
614,P0615
615,P0616
616,P0617
617,P0618
618,P0619
619,P0620
620,P0621
621,P0622
622,P0623
623,P0624
624,P0625
625,P0626
626,P0627
627,P0628
628,P0629
629,P0630
630,P0631
631,P0632
632,P0633
633,P0634
634,P0635
635,P0636
636,P0637
637,P0638
638,P0639
639,P0640
640,P0641
641,P0642
642,P0643
643,P0644
644,P0645
645,P0646
646,P0647
647,P0648
648,P0649
649,P0650
650,P0651
651,P0652
652,P0653
653,P0654
654,P0655
655,P0656
656,P0657
657,P0658
658,P0659
659,P0660
660,P0661
661,P0662
662,P0663
663,P0664
664,P0665
665,P0666
666,P0667
667,P0668
668,P0669
669,P0670
670,P0671
671,P0672
672,P0673
673,P0674
674,P0675
675,P0676
676,P0677
677,P0678
678,P0679
679,P0680
680,P0681
681,P0682
682,P0683
683,P0684
684,P0685
685,P0686
686,P0687
687,P0688
688,P0689
689,P0690
690,P0691
691,P0692
692,P0693
693,P0694
694,P0695
695,P0696
696,P0697
697,P0698
698,P0699
699,P0700
700,P0701
701,P0702
702,P0703
703,P0704
704,P0705
705,P0706
706,P0707
707,P0708
708,P0709
709,P0710
710,P0711
711,P0712
712,P0713
713,P0714
714,P0715
715,P0716
716,P0717
717,P0718
718,P0719
719,P0720
720,P0721
721,P0722
722,P0723
723,P0724
724,P0725
725,P0726
726,P0727
727,P0728
728,P0729
729,P0730
730,P0731
731,P0732
732,P0733
733,P0734
734,P0735
735,P0736
736,P0737
737,P0738
738,P0739
739,P0740
740,P0741
741,P0742
742,P0743
743,P0744
744,P0745
745,P0746
746,P0747
747,P0748
748,P0749
749,P0750
750,P0751
751,P0752
752,P0753
753,P0754
754,P0755
755,P0756
756,P0757
757,P0758
758,P0759
759,P0760
760,P0761
761,P0762
762,P0763
763,P0764
764,P0765
765,P0766
766,P0767
767,P0768
768,P0769
769,P0770
770,P0771
771,P0772
772,P0773
773,P0774
774,P0775
775,P0776
776,P0777
777,P0778
778,P0779
779,P0780
780,P0781
781,P0782
782,P0783
783,P0784
784,P0785
785,P0786
786,P0787
787,P0788
788,P0789
789,P0790
790,P0791
791,P0792
792,P0793
793,P0794
794,P0795
795,P0796
796,P0797
797,P0798
798,P0799
799,P0800
800,P0801
801,P0802
802,P0803
803,P0804
804,P0805
805,P0806
806,P0807
807,P0808
808,P0809
809,P0810
810,P0811
811,P0812
812,P0813
813,P0814
814,P0815
815,P0816
816,P0817
817,P0818
818,P0819
819,P0820
820,P0821
821,P0822
822,P0823
823,P0824
824,P0825
825,P0826
826,P0827
827,P0828
828,P0829
829,P0830
830,P0831
831,P0832
832,P0833
833,P0834
834,P0835
835,P0836
836,P0837
837,P0838
838,P0839
839,P0840
840,P0841
841,P0842
842,P0843
843,P0844
844,P0845
845,P0846
846,P0847
847,P0848
848,P0849
849,P0850
850,P0851
851,P0852
852,P0853
853,P0854
854,P0855
855,P0856
856,P0857
857,P0858
858,P0859
859,P0860
860,P0861
861,P0862
862,P0863
863,P0864
864,P0865
865,P0866
866,P0867
867,P0868
868,P0869
869,P0870
870,P0871
871,P0872
872,P0873
873,P0874
874,P0875
875,P0876
876,P0877
877,P0878
878,P0879
879,P0880
880,P0881
881,P0882
882,P0883
883,P0884
884,P0885
885,P0886
886,P0887
887,P0888
888,P0889
889,P0890
890,P0891
891,P0892
892,P0893
893,P0894
894,P0895
895,P0896
896,P0897
897,P0898
898,P0899
899,P0900
900,P0901
901,P0902
902,P0903
903,P0904
904,P0905
905,P0906
906,P0907
907,P0908
908,P0909
909,P0910
910,P0911
911,P0912
912,P0913
913,P0914
914,P0915
915,P0916
916,P0917
917,P0918
918,P0919
919,P0920
920,P0921
921,P0922
922,P0923
923,P0924
924,P0925
925,P0926
926,P0927
927,P0928
928,P0929
929,P0930
930,P0931
931,P0932
932,P0933
933,P0934
934,P0935
935,P0936
936,P0937
937,P0938
938,P0939
939,P0940
940,P0941
941,P0942
942,P0943
943,P0944
944,P0945
945,P0946
946,P0947
947,P0948
948,P0949
949,P0950
950,P0951
951,P0952
952,P0953
953,P0954
954,P0955
955,P0956
956,P0957
957,P0958
958,P0959
959,P0960
960,P0961
961,P0962
962,P0963
963,P0964
964,P0965
965,P0966
966,P0967
967,P0968
968,P0969
969,P0970
970,P0971
971,P0972
972,P0973
973,P0974
974,P0975
975,P0976
976,P0977
977,P0978
978,P0979
979,P0980
980,P0981
981,P0982
982,P0983
983,P0984
984,P0985
985,P0986
986,P0987
987,P0988
988,P0989
989,P0990
990,P0991
991,P0992
992,P0993
993,P0994
994,P0995
995,P0996
996,P0997
997,P0998
998,P0999
999,P1000
1000,P1001
1001,P1002
1002,P1003
1003,P1004
1004,P1005
1005,P1006
1006,P1007
1007,P1008
1008,P1009
1009,P1010
1010,P1011
1011,P1012
1012,P1013
1013,P1014
1014,P1015
1015,P1016
1016,P1017
1017,P1018
1018,P1019
1019,P1020
1020,P1021
1021,P1022
1022,P1023
1023,P1024
1024,P1025
1025,P1026
1026,P1027
1027,P1028
1028,P1029
1029,P1030
1030,P1031
1031,P1032
1032,P1033
1033,P1034
1034,P1035
1035,P1036
1036,P1037
1037,P1038
1038,P1039
1039,P1040
1040,P1041
1041,P1042
1042,P1043
1043,P1044
1044,P1045
1045,P1046
1046,P1047
1047,P1048
1048,P1049
1049,P1050
1050,P1051
1051,P1052
1052,P1053
1053,P1054
1054,P1055
1055,P1056
1056,P1057
1057,P1058
1058,P1059
1059,P1060
1060,P1061
1061,P1062
1062,P1063
1063,P1064
1064,P1065
1065,P1066
1066,P1067
1067,P1068
1068,P1069
1069,P1070
1070,P1071
1071,P1072
1072,P1073
1073,P1074
1074,P1075
1075,P1076
1076,P1077
1077,P1078
1078,P1079
1079,P1080
1080,P1081
1081,P1082
1082,P1083
1083,P1084
1084,P1085
1085,P1086
1086,P1087
1087,P1088
1088,P1089
1089,P1090
1090,P1091
1091,P1092
1092,P1093
1093,P1094
1094,P1095
1095,P1096
1096,P1097
1097,P1098
1098,P1099
1099,P1100
1100,P1101
1101,P1102
1102,P1103
1103,P1104
1104,P1105
1105,P1106
1106,P1107
1107,P1108
1108,P1109
1109,P1110
1110,P1111
1111,P1112
1112,P1113
1113,P1114
1114,P1115
1115,P1116
1116,P1117
1117,P1118
1118,P1119
1119,P1120
1120,P1121
1121,P1122
1122,P1123
1123,P1124
1124,P1125
1125,P1126
1126,P1127
1127,P1128
1128,P1129
1129,P1130
1130,P1131
1131,P1132
1132,P1133
1133,P1134
1134,P1135
1135,P1136
1136,P1137
1137,P1138
1138,P1139
1139,P1140
1140,P1141
1141,P1142
1142,P1143
1143,P1144
1144,P1145
1145,P1146
1146,P1147
1147,P1148
1148,P1149
1149,P1150
1150,P1151
1151,P1152
1152,P1153
1153,P1154
1154,P1155
1155,P1156
1156,P1157
1157,P1158
1158,P1159
1159,P1160
1160,P1161
1161,P1162
1162,P1163
1163,P1164
1164,P1165
1165,P1166
1166,P1167
1167,P1168
1168,P1169
1169,P1170
1170,P1171
1171,P1172
1172,P1173
1173,P1174
1174,P1175
1175,P1176
1176,P1177
1177,P1178
1178,P1179
1179,P1180
1180,P1181
1181,P1182
1182,P1183
1183,P1184
1184,P1185
1185,P1186
1186,P1187
1187,P1188
1188,P1189
1189,P1190
1190,P1191
1191,P1192
1192,P1193
1193,P1194
1194,P1195
1195,P1196
1196,P1197
1197,P1198
1198,P1199
1199,P1200
1200,P1201
1201,P1202
1202,P1203
1203,P1204
1204,P1205
1205,P1206
1206,P1207
1207,P1208
1208,P1209
1209,P1210
1210,P1211
1211,P1212
1212,P1213
1213,P1214
1214,P1215
1215,P1216
1216,P1217
1217,P1218
1218,P1219
1219,P1220
1220,P1221
1221,P1222
1222,P1223
1223,P1224
1224,P1225
1225,P1226
1226,P1227
1227,P1228
1228,P1229
1229,P1230
1230,P1231
1231,P1232
1232,P1233
1233,P1234
1234,P1235
1235,P1236
1236,P1237
1237,P1238
1238,P1239
1239,P1240
1240,P1241
1241,P1242
1242,P1243
1243,P1244
1244,P1245
1245,P1246
1246,P1247
1247,P1248
1248,P1249
1249,P1250
1250,P1251
1251,P1252
1252,P1253
1253,P1254
1254,P1255
1255,P1256
1256,P1257
1257,P1258
1258,P1259
1259,P1260
1260,P1261
1261,P1262
1262,P1263
1263,P1264
1264,P1265
1265,P1266
1266,P1267
1267,P1268
